{"options":{"summaryTrendStats":["avg","min","med","max","p(90)","p(95)"],"summaryTimeUnit":"","noColor":false},"state":{"isStdErrTTY":true,"testRunDurationMs":1201739.506352,"isStdOutTTY":true},"metrics":{"http_req_connecting":{"type":"trend","contains":"time","values":{"avg":0.014119453435114506,"min":0,"med":0,"max":25.157557,"p(90)":0,"p(95)":0}},"vus":{"type":"gauge","contains":"default","values":{"value":1,"min":1,"max":100}},"http_req_failed":{"type":"rate","contains":"default","values":{"passes":19158,"fails":67302,"rate":0.2215822345593338}},"vus_max":{"contains":"default","values":{"value":100,"min":100,"max":100},"type":"gauge"},"data_sent":{"contains":"data","values":{"rate":11728.789746445655,"count":14094950},"type":"counter"},"http_req_duration":{"type":"trend","contains":"time","values":{"avg":43.13495215724067,"min":12.614976,"med":35.3173135,"max":2520.170678,"p(90)":73.53165570000003,"p(95)":91.84089215000002}},"http_req_blocked":{"type":"trend","contains":"time","values":{"med":0.003597,"max":137.602048,"p(90)":0.00551,"p(95)":0.006362,"avg":0.0548015388387692,"min":0.001242}},"iteration_duration":{"type":"trend","contains":"time","values":{"avg":2087.8987626528465,"min":2027.157647,"med":2084.4263575,"max":4564.525697,"p(90)":2128.0866745,"p(95)":2152.9456318}},"checks":{"contains":"default","values":{"rate":0.7784177654406662,"passes":134604,"fails":38316},"type":"rate"},"http_req_waiting":{"type":"trend","contains":"time","values":{"avg":42.93929603771671,"min":12.540778,"med":35.1791525,"max":2520.027841,"p(90)":73.2316425,"p(95)":91.48073559999999}},"http_req_tls_handshaking":{"contains":"time","values":{"p(90)":0,"p(95)":0,"avg":0.03435738025676613,"min":0,"med":0,"max":125.20558},"type":"trend"},"http_req_sending":{"type":"trend","contains":"time","values":{"min":0.00501,"med":0.017353,"max":3.49189,"p(90)":0.028994,"p(95)":0.035177400000000025,"avg":0.02319967532963186}},"iterations":{"values":{"count":43230,"rate":35.9728541597413},"type":"counter","contains":"default"},"data_received":{"type":"counter","contains":"data","values":{"count":440734355,"rate":366746.99689110916}},"http_reqs":{"values":{"count":86460,"rate":71.9457083194826},"type":"counter","contains":"default"},"http_req_duration{expected_response:true}":{"type":"trend","contains":"time","values":{"min":19.71414,"med":45.6421475,"max":2520.170678,"p(90)":78.47857090000001,"p(95)":98.24724625,"avg":50.29870521332197}},"http_req_receiving":{"type":"trend","contains":"time","values":{"p(90)":0.19864030000000013,"p(95)":0.27608560000000004,"avg":0.17245644419384726,"min":0.012493,"med":0.081362,"max":78.648372}}},"root_group":{"path":"","id":"d41d8cd98f00b204e9800998ecf8427e","groups":[],"checks":[{"name":"Server-side Rendered - status is 200","path":"::Server-side Rendered - status is 200","id":"68a29f2726d27691eff20104b46fb697","passes":33942,"fails":9288},{"name":"Server-side Rendered - correct content","path":"::Server-side Rendered - correct content","id":"ccc221b0469ca4d285e081012f5a100b","passes":33942,"fails":9288},{"fails":9870,"name":"Client-side Rendered - status is 200","path":"::Client-side Rendered - status is 200","id":"8d0869f10fa38357244b49807a0f0797","passes":33360},{"path":"::Client-side Rendered - correct content","id":"77306fea64c80ae106abf16ce94439d4","passes":33360,"fails":9870,"name":"Client-side Rendered - correct content"}],"name":""}}