{"metrics":{"http_req_blocked":{"type":"trend","contains":"time","values":{"avg":7.985222794597636,"min":0.00215,"med":0.006809,"max":1125.689822,"p(90)":59.730107000000004,"p(95)":63.060659449999996}},"data_received":{"contains":"data","values":{"count":571766017,"rate":475997.85043355846},"type":"counter"},"http_req_duration":{"type":"trend","contains":"time","values":{"min":20.43851,"med":75.340148,"max":574.808195,"p(90)":185.06640700000008,"p(95)":204.05811095,"avg":85.3007865607519}},"http_req_connecting":{"type":"trend","contains":"time","values":{"p(95)":19.91802855,"avg":2.5320439561358876,"min":0,"med":0,"max":1043.814124,"p(90)":18.870715999999998}},"vus_max":{"type":"gauge","contains":"default","values":{"max":100,"value":100,"min":100}},"http_reqs":{"type":"counter","contains":"default","values":{"rate":68.66664602674483,"count":82482}},"data_sent":{"type":"counter","contains":"data","values":{"count":16341977,"rate":13604.771344489773}},"iterations":{"type":"counter","contains":"default","values":{"count":41241,"rate":34.333323013372414}},"iteration_duration":{"type":"trend","contains":"time","values":{"p(95)":2331.383943,"avg":2188.2431350803104,"min":2051.632381,"med":2190.054067,"max":3346.853808,"p(90)":2303.762093}},"http_req_sending":{"values":{"med":0.03062,"max":12.363309,"p(90)":0.058969,"p(95)":0.07318,"avg":0.03578641127761188,"min":0.00705},"type":"trend","contains":"time"},"http_req_failed":{"type":"rate","contains":"default","values":{"rate":0,"passes":0,"fails":82482}},"checks":{"type":"rate","contains":"default","values":{"rate":1,"passes":164964,"fails":0}},"http_req_duration{expected_response:true}":{"type":"trend","contains":"time","values":{"p(90)":185.06640700000008,"p(95)":204.05811095,"avg":85.3007865607519,"min":20.43851,"med":75.340148,"max":574.808195}},"vus":{"type":"gauge","contains":"default","values":{"max":100,"value":1,"min":1}},"http_req_waiting":{"type":"trend","contains":"time","values":{"avg":81.1346568673765,"min":20.228949,"med":70.5757135,"max":571.769986,"p(90)":179.25614900000002,"p(95)":199.33455349999997}},"http_req_tls_handshaking":{"type":"trend","contains":"time","values":{"max":81.755148,"p(90)":40.58003800000001,"p(95)":42.913145449999995,"avg":5.429694935573828,"min":0,"med":0}},"http_req_receiving":{"type":"trend","contains":"time","values":{"min":0.027791,"med":0.938175,"max":264.577264,"p(90)":5.344492900000004,"p(95)":11.745124549999984,"avg":4.130343282097904}}},"root_group":{"id":"d41d8cd98f00b204e9800998ecf8427e","groups":[],"checks":[{"name":"Server-side Rendered - status is 200","path":"::Server-side Rendered - status is 200","id":"68a29f2726d27691eff20104b46fb697","passes":41241,"fails":0},{"name":"Server-side Rendered - correct content","path":"::Server-side Rendered - correct content","id":"ccc221b0469ca4d285e081012f5a100b","passes":41241,"fails":0},{"name":"Client-side Rendered - status is 200","path":"::Client-side Rendered - status is 200","id":"8d0869f10fa38357244b49807a0f0797","passes":41241,"fails":0},{"name":"Client-side Rendered - correct content","path":"::Client-side Rendered - correct content","id":"77306fea64c80ae106abf16ce94439d4","passes":41241,"fails":0}],"name":"","path":""},"options":{"summaryTrendStats":["avg","min","med","max","p(90)","p(95)"],"summaryTimeUnit":"","noColor":false},"state":{"isStdOutTTY":true,"isStdErrTTY":true,"testRunDurationMs":1201194.535814}}