{"options":{"noColor":false,"summaryTrendStats":["avg","min","med","max","p(90)","p(95)"],"summaryTimeUnit":""},"state":{"testRunDurationMs":1201413.41927,"isStdOutTTY":true,"isStdErrTTY":true},"metrics":{"http_req_connecting":{"type":"trend","contains":"time","values":{"p(90)":0,"p(95)":0,"avg":0.0031052028583812394,"min":0,"med":0,"max":18.460934}},"http_req_duration{expected_response:true}":{"values":{"med":4.267564,"max":2218.28533,"p(90)":67.11078640000002,"p(95)":75.1146748,"avg":29.196281632328702,"min":2.445854},"type":"trend","contains":"time"},"http_req_blocked":{"type":"trend","contains":"time","values":{"p(95)":0.000491,"avg":0.010986546594118865,"min":0.00014,"med":0.000301,"max":37.737502,"p(90)":0.000421}},"http_reqs":{"contains":"default","values":{"count":87672,"rate":72.97404756247109},"type":"counter"},"http_req_failed":{"type":"rate","contains":"default","values":{"fails":85707,"rate":0.022413085135505065,"passes":1965}},"data_received":{"type":"counter","contains":"data","values":{"count":529104525,"rate":440401.7106130654}},"http_req_duration":{"type":"trend","contains":"time","values":{"p(95)":74.86349889999997,"avg":28.61109870624598,"min":2.40053,"med":3.8320095,"max":2218.28533,"p(90)":66.7811441}},"vus_max":{"type":"gauge","contains":"default","values":{"max":100,"value":100,"min":100}},"http_req_waiting":{"type":"trend","contains":"time","values":{"p(95)":74.70895324999998,"avg":28.489197256056375,"min":0,"med":3.7089935,"max":2218.016347,"p(90)":66.6563462}},"data_sent":{"contains":"data","values":{"count":7323228,"rate":6095.510406775481},"type":"counter"},"http_req_receiving":{"type":"trend","contains":"time","values":{"med":0.067746,"max":65.340302,"p(90)":0.08831380000000003,"p(95)":0.10056469999999998,"avg":0.0759717763710194,"min":0.012093}},"http_req_tls_handshaking":{"contains":"time","values":{"p(95)":0,"avg":0.007065332466465922,"min":0,"med":0,"max":13.52865,"p(90)":0},"type":"trend"},"iterations":{"type":"counter","contains":"default","values":{"count":43836,"rate":36.48702378123554}},"checks":{"type":"rate","contains":"default","values":{"rate":0.9775869148644949,"passes":171414,"fails":3930}},"vus":{"contains":"default","values":{"value":1,"min":1,"max":100},"type":"gauge"},"http_req_sending":{"type":"trend","contains":"time","values":{"med":0.041968,"max":7.184256,"p(90)":0.057217,"p(95)":0.06638849999999996,"avg":0.04592967381832253,"min":0.019957}},"iteration_duration":{"contains":"time","values":{"avg":2058.675995036868,"min":2005.549741,"med":2054.34616,"max":4260.556012,"p(90)":2079.3764364999997,"p(95)":2089.97673625},"type":"trend"}},"root_group":{"name":"","path":"","id":"d41d8cd98f00b204e9800998ecf8427e","groups":[],"checks":[{"name":"Server-side Rendered - status is 200","path":"::Server-side Rendered - status is 200","id":"68a29f2726d27691eff20104b46fb697","passes":41871,"fails":1965},{"name":"Server-side Rendered - correct content","path":"::Server-side Rendered - correct content","id":"ccc221b0469ca4d285e081012f5a100b","passes":41871,"fails":1965},{"id":"8d0869f10fa38357244b49807a0f0797","passes":43836,"fails":0,"name":"Client-side Rendered - status is 200","path":"::Client-side Rendered - status is 200"},{"name":"Client-side Rendered - correct content","path":"::Client-side Rendered - correct content","id":"77306fea64c80ae106abf16ce94439d4","passes":43836,"fails":0}]}}