{"options":{"summaryTrendStats":["avg","min","med","max","p(90)","p(95)"],"summaryTimeUnit":"","noColor":false},"state":{"isStdOutTTY":true,"isStdErrTTY":true,"testRunDurationMs":3016.955663},"metrics":{"http_req_waiting":{"type":"trend","contains":"time","values":{"avg":51.340133348484876,"min":4.80376,"med":5.3142195,"max":480.311301,"p(90)":308.04373269999996,"p(95)":349.76775334999996}},"data_sent":{"type":"counter","contains":"data","values":{"count":70092,"rate":23232.69143779923}},"checks":{"values":{"rate":1,"passes":396,"fails":0},"type":"rate","contains":"default"},"iteration_duration":{"type":"trend","contains":"time","values":{"min":2025.071065,"med":2028.085264,"max":2501.178075,"p(90)":2370.774849,"p(95)":2430.3311041,"avg":2120.1315214242422}},"data_received":{"values":{"count":1841404,"rate":610351.6941210018},"type":"counter","contains":"data"},"http_req_connecting":{"type":"trend","contains":"time","values":{"min":0,"med":2.2060595,"max":31.994606,"p(90)":5.292153700000001,"p(95)":5.685046999999997,"avg":2.7456001717171716}},"http_req_failed":{"type":"rate","contains":"default","values":{"rate":0,"passes":0,"fails":198}},"http_req_blocked":{"type":"trend","contains":"time","values":{"p(90)":15.3734203,"p(95)":16.246052999999996,"avg":7.653844853535362,"min":0.00027,"med":6.6773245,"max":44.244655}},"http_req_duration":{"contains":"time","values":{"min":5.054009,"med":5.5442495,"max":480.592721,"p(90)":308.365321,"p(95)":350.08338934999995,"avg":51.594334358585854},"type":"trend"},"http_reqs":{"type":"counter","contains":"default","values":{"count":198,"rate":65.62907185818992}},"vus":{"values":{"value":9,"min":9,"max":99},"type":"gauge","contains":"default"},"http_req_duration{expected_response:true}":{"values":{"avg":51.594334358585854,"min":5.054009,"med":5.5442495,"max":480.592721,"p(90)":308.365321,"p(95)":350.08338934999995},"type":"trend","contains":"time"},"iterations":{"type":"counter","contains":"default","values":{"count":99,"rate":32.81453592909496}},"http_req_tls_handshaking":{"type":"trend","contains":"time","values":{"p(90)":9.7331323,"p(95)":10.445911999999996,"avg":4.774102681818184,"min":0,"med":4.3622195,"max":13.434419}},"vus_max":{"type":"gauge","contains":"default","values":{"value":100,"min":100,"max":100}},"http_req_sending":{"type":"trend","contains":"time","values":{"max":0.286211,"p(90)":0.1853513,"p(95)":0.2125773499999999,"avg":0.1275947121212121,"min":0.04902,"med":0.126975}},"http_req_receiving":{"type":"trend","contains":"time","values":{"med":0.11989,"max":0.25368,"p(90)":0.16947600000000002,"p(95)":0.18516549999999982,"avg":0.12660629797979803,"min":0.0806}}},"root_group":{"name":"","path":"","id":"d41d8cd98f00b204e9800998ecf8427e","groups":[],"checks":[{"name":"Server-side Rendered - status is 200","path":"::Server-side Rendered - status is 200","id":"68a29f2726d27691eff20104b46fb697","passes":99,"fails":0},{"id":"ccc221b0469ca4d285e081012f5a100b","passes":99,"fails":0,"name":"Server-side Rendered - correct content","path":"::Server-side Rendered - correct content"},{"fails":0,"name":"Client-side Rendered - status is 200","path":"::Client-side Rendered - status is 200","id":"8d0869f10fa38357244b49807a0f0797","passes":99},{"name":"Client-side Rendered - correct content","path":"::Client-side Rendered - correct content","id":"77306fea64c80ae106abf16ce94439d4","passes":99,"fails":0}]}}