{"metrics":{"vus":{"type":"gauge","contains":"default","values":{"value":255,"min":1,"max":400}},"http_req_connecting":{"type":"trend","contains":"time","values":{"p(95)":0,"avg":0.0031313276356411796,"min":0,"med":0,"max":23.080018,"p(90)":0}},"http_req_duration{expected_response:true}":{"values":{"p(95)":54.87097019999997,"avg":10.184156949803505,"min":2.456615,"med":3.029813,"max":2391.566192,"p(90)":44.141167400000015},"type":"trend","contains":"time"},"data_sent":{"type":"counter","contains":"data","values":{"count":21991800,"rate":15250.85145929216}},"http_req_failed":{"values":{"fails":194773,"rate":0.43590820363408883,"passes":150513},"type":"rate","contains":"default"},"http_req_duration":{"values":{"p(95)":50.557317749999996,"avg":8.507959877110489,"min":2.360022,"med":2.966948,"max":2391.566192,"p(90)":13.7546085},"type":"trend","contains":"time"},"data_received":{"type":"counter","contains":"data","values":{"count":1152494874,"rate":799230.9920502021}},"iterations":{"values":{"count":172643,"rate":119.72429489566913},"type":"counter","contains":"default"},"vus_max":{"contains":"default","values":{"value":400,"min":400,"max":400},"type":"gauge"},"http_req_sending":{"type":"trend","contains":"time","values":{"med":0.036508,"max":75.023825,"p(90)":0.05909,"p(95)":0.082304,"avg":0.07726051574347162,"min":0.013535}},"http_reqs":{"values":{"count":345286,"rate":239.44858979133826},"type":"counter","contains":"default"},"http_req_tls_handshaking":{"contains":"time","values":{"min":0,"med":0,"max":20.478354,"p(90)":0,"p(95)":0,"avg":0.007230551169175695},"type":"trend"},"http_req_waiting":{"type":"trend","contains":"time","values":{"avg":8.09798177279998,"min":0,"med":2.846322,"max":2391.195232,"p(90)":9.67545,"p(95)":49.917970000000004}},"http_req_receiving":{"values":{"avg":0.3327175885671554,"min":0.008505,"med":0.053731,"max":90.819559,"p(90)":0.372891,"p(95)":0.954091},"type":"trend","contains":"time"},"checks":{"values":{"rate":0.5640917963659111,"passes":389546,"fails":301026},"type":"rate","contains":"default"},"http_req_blocked":{"contains":"time","values":{"p(90)":0.000371,"p(95)":0.000431,"avg":0.011114240670049673,"min":0.00009,"med":0.00029,"max":29.966476},"type":"trend"},"iteration_duration":{"values":{"avg":2018.3853077849485,"min":2005.243965,"med":2007.435406,"max":4424.743008,"p(90)":2055.2094442000002,"p(95)":2069.8071327999996},"type":"trend","contains":"time"}},"root_group":{"name":"","path":"","id":"d41d8cd98f00b204e9800998ecf8427e","groups":[],"checks":[{"id":"68a29f2726d27691eff20104b46fb697","passes":22130,"fails":150513,"name":"Server-side Rendered - status is 200","path":"::Server-side Rendered - status is 200"},{"name":"Server-side Rendered - correct content","path":"::Server-side Rendered - correct content","id":"ccc221b0469ca4d285e081012f5a100b","passes":22130,"fails":150513},{"name":"Client-side Rendered - status is 200","path":"::Client-side Rendered - status is 200","id":"8d0869f10fa38357244b49807a0f0797","passes":172643,"fails":0},{"fails":0,"name":"Client-side Rendered - correct content","path":"::Client-side Rendered - correct content","id":"77306fea64c80ae106abf16ce94439d4","passes":172643}]},"options":{"summaryTrendStats":["avg","min","med","max","p(90)","p(95)"],"summaryTimeUnit":"","noColor":false},"state":{"isStdOutTTY":true,"isStdErrTTY":true,"testRunDurationMs":1442004.73388}}