{"options":{"summaryTrendStats":["avg","min","med","max","p(90)","p(95)"],"summaryTimeUnit":"","noColor":false},"state":{"isStdOutTTY":true,"isStdErrTTY":true,"testRunDurationMs":1441979.057605},"metrics":{"http_req_duration":{"type":"trend","contains":"time","values":{"avg":15.296835326872468,"min":4.55155,"med":5.245039,"max":2534.005087,"p(90)":6.276272000000001,"p(95)":7.005215499999999}},"data_received":{"values":{"count":2117581883,"rate":1468524.713886703},"type":"counter","contains":"data"},"iterations":{"type":"counter","contains":"default","values":{"count":171475,"rate":118.91642884523222}},"http_req_tls_handshaking":{"contains":"time","values":{"max":11.486849,"p(90)":0,"p(95)":0,"avg":0.010002941280069982,"min":0,"med":0},"type":"trend"},"http_reqs":{"type":"counter","contains":"default","values":{"count":342950,"rate":237.83285769046444}},"http_req_receiving":{"type":"trend","contains":"time","values":{"med":0.09074,"max":97.270401,"p(90)":0.12925,"p(95)":0.14748,"avg":0.0992402367313023,"min":0.02857}},"http_req_failed":{"type":"rate","contains":"default","values":{"passes":0,"fails":342950,"rate":0}},"http_req_connecting":{"type":"trend","contains":"time","values":{"avg":0.0057388170462166445,"min":0,"med":0,"max":42.775016,"p(90)":0,"p(95)":0}},"vus":{"type":"gauge","contains":"default","values":{"value":28,"min":2,"max":400}},"http_req_sending":{"type":"trend","contains":"time","values":{"p(95)":0.11024,"avg":0.07266607131360447,"min":0.01849,"med":0.0681,"max":44.173436,"p(90)":0.09546}},"data_sent":{"type":"counter","contains":"data","values":{"count":29023000,"rate":20127.199384022013}},"vus_max":{"type":"gauge","contains":"default","values":{"value":400,"min":400,"max":400}},"http_req_blocked":{"type":"trend","contains":"time","values":{"avg":0.01643366274964787,"min":0.0001,"med":0.000309,"max":50.941655,"p(90)":0.00039,"p(95)":0.00044}},"http_req_duration{expected_response:true}":{"type":"trend","contains":"time","values":{"p(95)":7.005215499999999,"avg":15.296835326872468,"min":4.55155,"med":5.245039,"max":2534.005087,"p(90)":6.276272000000001}},"http_req_waiting":{"type":"trend","contains":"time","values":{"avg":15.124929018827347,"min":0.49954,"med":5.0776645,"max":2533.820837,"p(90)":6.100703000000001,"p(95)":6.82611}},"checks":{"values":{"passes":685900,"fails":0,"rate":1},"type":"rate","contains":"default"},"iteration_duration":{"values":{"avg":2031.8623917153573,"min":2009.616027,"med":2011.854438,"max":4540.320434,"p(90)":2013.7460982,"p(95)":2168.133225099998},"type":"trend","contains":"time"}},"root_group":{"name":"","path":"","id":"d41d8cd98f00b204e9800998ecf8427e","groups":[],"checks":[{"fails":0,"name":"Server-side Rendered - status is 200","path":"::Server-side Rendered - status is 200","id":"68a29f2726d27691eff20104b46fb697","passes":171475},{"passes":171475,"fails":0,"name":"Server-side Rendered - correct content","path":"::Server-side Rendered - correct content","id":"ccc221b0469ca4d285e081012f5a100b"},{"name":"Client-side Rendered - status is 200","path":"::Client-side Rendered - status is 200","id":"8d0869f10fa38357244b49807a0f0797","passes":171475,"fails":0},{"path":"::Client-side Rendered - correct content","id":"77306fea64c80ae106abf16ce94439d4","passes":171475,"fails":0,"name":"Client-side Rendered - correct content"}]}}